Front,Back,Plus
und,and,"{""plus"", ""and also"", ""and""}"
die,the,"{""those"", ""that"", ""the"", ""who"", ""whom"", ""which"", ""these"", ""this one"", ""that one""}"
sie,she,"{""her"", ""she"", ""them"", ""they""}"
der,of the,"{""that"", ""the"", ""who"", ""whom"", ""which"", ""this one"", ""that one""}"
er,he,"{""he""}"
ich,I,"{""I""}"
das,the,"{""that"", ""this"", ""the"", ""who"", ""whom"", ""which""}"
zu,to,"{""for"", ""to"", ""of"", ""too"", ""overly""}"
in,in,"{""trendy"", ""very fashionable"", ""at"", ""in"", ""to"", ""inside"", ""into"", ""within"", ""to the inside""}"
sich,yourself,"{""you"", ""yourselves"", ""yourself"", ""itself"", ""himself"", ""herself"", ""oneself"", ""themselves""}"
den,the,"{""who"", ""whom"", ""that"", ""which""}"
nicht,Not,"{""not""}"
war,was,"Missing[""NotAvailable""]"
es,it,"{""it""}"
auf,on,"{""by"", ""to"", ""up"", ""out of bed"", ""on"", ""upon""}"
mit,With,"{""with"", ""along"", ""of"", ""containing"", ""by"", ""per"", ""for each"", ""on top"", ""topped with""}"
ein,on,"{""one"", ""a certain"", ""some"", ""a"", ""an""}"
hatte,would have,"Missing[""NotAvailable""]"
von,from,"{""out of"", ""of"", ""from"", ""coming from"", ""originating from"", ""by""}"
dass,that,"Missing[""NotAvailable""]"
an,on,"{""to""}"
dem,the,"{""who"", ""whom"", ""that"", ""which""}"
eine,a,"{""one"", ""a certain"", ""some"", ""a"", ""an""}"
wie,how,"{""like"", ""for example"", ""such as"", ""how"", ""in the same way as"", ""as"", ""eh"", ""just like"", ""just as""}"
ist,is,"Missing[""NotAvailable""]"
als,as,"{""when"", ""once"", ""than"", ""as"", ""in the same way as""}"
du,you,"{""you""}"
aber,but,"{""but"", ""though"", ""nevertheless"", ""yet"", ""still"", ""however"", ""except that"", ""only""}"
was,What,"{""what"", ""that which"", ""pardon"", ""excuse me"", ""eh""}"
so,so,"{""thus"", ""so"", ""in such a way"", ""in such a manner"", ""in order that"", ""that"", ""this"", ""consequently"", ""hence"", ""as a result"", ""to such an extent"", ""to such a degree"", ""sic""}"
ihr,her,"{""her"", ""their"", ""you""}"
aus,out,"{""of"", ""out of"", ""because of"", ""from""}"
noch,yet,"{""nor"", ""still"", ""yet"", ""even"", ""else"", ""more""}"
einen,one,"Missing[""NotAvailable""]"
um,around,"{""around"", ""at"", ""surrounding""}"
wir,we,"{""we""}"
im,in the,"Missing[""NotAvailable""]"
ihn,him,"{""him""}"
mir,me,"{""me""}"
für,For,"{""for"", ""to"", ""of"", ""in return for"", ""per"", ""for each"", ""pro"", ""in favor of""}"
ihm,him,"{""him""}"
auch,also,"{""also"", ""too"", ""as well"", ""in addition""}"
wenn,if,"{""when"", ""considering that"", ""once"", ""if"", ""in case""}"
nach,after,"{""to"", ""after"", ""according to"", ""in accordance with"", ""under"", ""beyond"", ""later than"", ""past""}"
sein,his,"{""his"", ""its"", ""be"", ""exist"", ""be located""}"
dann,then,"{""then"", ""in that case"", ""well"", ""and then"", ""at that time""}"
mich,me,"{""me"", ""myself""}"
hat,Has,"Missing[""NotAvailable""]"
nur,just,"{""pure"", ""mere"", ""simple"", ""simply"", ""only"", ""just"", ""merely"", ""but"", ""entirely"", ""except that"", ""exclusively"", ""solely""}"
einem,one,"Missing[""NotAvailable""]"
des,of,"Missing[""NotAvailable""]"
vor,in front,"{""ago"", ""since"", ""before"", ""in front of"", ""earlier than"", ""by"", ""prior to"", ""to"", ""of"", ""till"", ""until""}"
sagte,said,"Missing[""NotAvailable""]"
seine,his,"{""his"", ""its""}"
über,about,"{""across"", ""over"", ""above"", ""beyond"", ""past"", ""about"", ""by"", ""via"", ""by way of"", ""to spare"", ""left over"", ""later than"", ""concerning"", ""connected with"", ""in regard to"", ""regarding"", ""as regards""}"
ihre,your,"{""her"", ""their"", ""theirs"", ""hers""}"
doch,but,"{""anyway"", ""anyhow"", ""in any case"", ""nevertheless"", ""nonetheless"", ""in spite of this"", ""in spite of that"", ""though"", ""but"", ""yet"", ""still"", ""however"", ""except that"", ""only""}"
einer,one,"{""either"", ""one or the other"", ""either two"", ""anyone"", ""anybody"", ""one""}"
haben,to have,"{""have""}"
wieder,again,"{""again"", ""once more"", ""anew"", ""afresh"", ""once again""}"
waren,were,"Missing[""NotAvailable""]"
man,you,"{""one"", ""they"", ""you""}"
oder,or,"{""or""}"
da,there,"{""because"", ""since"", ""for"", ""for the reason that"", ""by reason of"", ""as"", ""thereabouts"", ""thereabout""}"
schon,beautiful,"{""already""}"
ja,Yes,"{""aye"", ""yea"", ""yes""}"
konnte,could,"Missing[""NotAvailable""]"
habe,have,"Missing[""NotAvailable""]"
bei,at,"{""at"", ""in"", ""with"", ""by"", ""near"", ""next to""}"
würde,would,"Missing[""NotAvailable""]"
mehr,more,"{""more"", ""additional"", ""supplementary"", ""extra"", ""further"", ""more specific"", ""more detailed""}"
zum,to the,"Missing[""NotAvailable""]"
immer,always,"{""always"", ""forever"", ""all the time"", ""at all times"", ""ever"", ""incessantly""}"
am,at the,"Missing[""NotAvailable""]"
hier,here,"{""here"", ""this"", ""this place""}"
jetzt,now,"{""now""}"
etwas,something,"{""any"", ""anything"", ""barely"", ""hardly"", ""only just"", ""some"", ""something"", ""somewhat""}"
sind,are,"Missing[""NotAvailable""]"
uns,us,"{""us"", ""ourselves""}"
sah,saw,"Missing[""NotAvailable""]"
keine,no,"{""do not"", ""no"", ""none"", ""not any""}"
ihnen,them,"{""them""}"
nichts,Nothing,"{""nothing"", ""not a thing"", ""zilch"", ""zip""}"
dich,you,"{""you"", ""yourself""}"
mal,times,"{""times"", ""multiplied by""}"
augen,eyes,"Missing[""NotAvailable""]"
durch,by,"{""by means of"", ""by"", ""through"", ""thanks to"", ""because of"", ""of"", ""throughout"", ""all through"", ""till the end of""}"
alles,everything,"{""everything"", ""all things"", ""each thing"", ""anything"", ""no matter what"", ""the most important""}"
meine,my,"{""my"", ""mine""}"
wurde,has been,"Missing[""NotAvailable""]"
kann,can,"Missing[""NotAvailable""]"
hätte,would have,"Missing[""NotAvailable""]"
dir,to you,"{""you""}"
seinen,his,"Missing[""NotAvailable""]"
bis,to,"{""up to"", ""to"", ""until"", ""till"", ""up to the time of"", ""before""}"
wollte,wanted to,"Missing[""NotAvailable""]"
ihren,their,"Missing[""NotAvailable""]"
mann,man,"Missing[""NotAvailable""]"
hatten,had,"Missing[""NotAvailable""]"
diese,this,"{""these"", ""this"", ""this one""}"
werden,become,"{""become"", ""get"", ""will"", ""'ll"", ""shall"", ""grow into"", ""turn into""}"
seiner,its,"{""his""}"
zur,to,"Missing[""NotAvailable""]"
denn,because,"{""for"", ""because"", ""since"", ""for the reason that"", ""by reason of"", ""as""}"
kopf,head,"Missing[""NotAvailable""]"
hand,hand,"Missing[""NotAvailable""]"
vielleicht,perhaps,"{""perhaps"", ""maybe"", ""possibly""}"
ganz,all,"{""whole"", ""entire"", ""thorough"", ""total"", ""complete"", ""arrant"", ""thoroughgoing"", ""out-and-out"", ""all-out"", ""all"", ""the whole of"", ""integral"", ""entirely"", ""quite"", ""altogether"", ""wholly"", ""completely"", ""thoroughly"", ""totally"", ""fully"", ""throughout"", ""all th"
fragte,asked,"Missing[""NotAvailable""]"
bin,am,"Missing[""NotAvailable""]"
gut,Well,"{""good"", ""neat"", ""nifty"", ""retentive"", ""well-behaved"", ""obedient"", ""fine"", ""beautiful"", ""nice"", ""friendly"", ""kind"", ""amiable"", ""in store"", ""owing to someone"", ""outstanding"", ""nicely"", ""well"", ""all right"", ""alright"", ""thoroughly"", ""much"", ""quite""}"
wird,becomes,"Missing[""NotAvailable""]"
alle,all,"{""every"", ""all"", ""everyone""}"
seinem,his,"Missing[""NotAvailable""]"
können,can,"{""can"", ""will"", ""may""}"
anderen,other,"Missing[""NotAvailable""]"
hast,have,"Missing[""NotAvailable""]"
unter,under,"{""lower"", ""under"", ""nether"", ""underneath"", ""below"", ""beneath"", ""less than""}"
wo,Where,"{""where""}"
dieser,this,"{""this"", ""this one""}"
zeit,Time,"Missing[""NotAvailable""]"
frau,woman,"Missing[""NotAvailable""]"
ihrer,of their,"{""hers""}"
weil,because,"{""because"", ""since"", ""for"", ""for the reason that"", ""by reason of"", ""as""}"
sehr,very,"{""very"", ""most"", ""uncommonly"", ""very much"", ""badly"", ""seriously"", ""greatly"", ""gravely"", ""sorely"", ""deeply"", ""profoundly"", ""immensely"", ""extremely""}"
während,while,"{""while"", ""whereas"", ""during""}"
ging,went,"Missing[""NotAvailable""]"
einmal,once,"{""once"", ""one time"", ""one day"", ""someday"", ""ever""}"
also,so,"{""consequently"", ""hence"", ""thus"", ""as a result"", ""therefore"", ""so""}"
mein,my,"{""my""}"
gewesen,been,"Missing[""NotAvailable""]"
damit,in order to,"{""so that"", ""in order that"", ""so"", ""thereby"", ""by that means""}"
selbst,self,"{""even"", ""herself"", ""himself"", ""itself"", ""myself"", ""oneself"", ""ourselves"", ""still"", ""themselves"", ""yourself"", ""yourselves""}"
zwei,two,"{""two""}"
weiß,White,"{""white"", ""pale""}"
nein,No,"{""no""}"
gab,gave,"Missing[""NotAvailable""]"
kam,came,"Missing[""NotAvailable""]"
wäre,would,"Missing[""NotAvailable""]"
ihrem,their,"Missing[""NotAvailable""]"
zurück,back,"{""back"", ""rearwards"", ""rearward""}"
ohne,without,"{""destitute of"", ""devoid of"", ""lacking in"", ""without"", ""out of"", ""void of"", ""devoid"", ""lacking""}"
ins,in the,"Missing[""NotAvailable""]"
eines,one,"Missing[""NotAvailable""]"
gesicht,face,"Missing[""NotAvailable""]"
stand,was standing,"Missing[""NotAvailable""]"
viel,much,"{""much"", ""a lot of"", ""far"", ""well"", ""quite""}"
blick,view,"Missing[""NotAvailable""]"
ab,from,"Missing[""NotAvailable""]"
ließ,was,"Missing[""NotAvailable""]"
nie,never,"{""never""}"
ob,if,"{""if"", ""whether""}"
warum,Why,"{""why"", ""what is"", ""for what reason""}"
sehen,see,"{""look"", ""see"", ""imagine"", ""watch"", ""view""}"
musste,had to,"Missing[""NotAvailable""]"
daß,that,"Missing[""NotAvailable""]"
leben,Life,"{""live"", ""reside"", ""dwell"", ""be alive""}"
sagen,say,"{""say"", ""tell""}"
nun,now,"{""well""}"
dachte,thought,"Missing[""NotAvailable""]"
kein,no,"{""no""}"
vom,from,"Missing[""NotAvailable""]"
einfach,simple,"{""single"", ""unpretentious"", ""one-way"", ""simple"", ""plain"", ""not complicated"", ""straightforward"", ""sober"", ""unsophisticated"", ""pure"", ""mere"", ""easy"", ""not difficult"", ""elementary"", ""austere"", ""austerely"", ""just"", ""simply"", ""downright"", ""easily"", ""without di"
weg,path,"{""aside"", ""apart"", ""in reserve"", ""away""}"
paar,pair,"Missing[""NotAvailable""]"
tun,do,"{""do"", ""make"", ""act""}"
tür,door,"Missing[""NotAvailable""]"
dort,there,"{""there"", ""at that place"", ""over there""}"
wissen,knowledge,"{""know""}"
sollte,should,"Missing[""NotAvailable""]"
hinter,Behind,"{""behind""}"
muss,got to,"Missing[""NotAvailable""]"
diesem,this,"Missing[""NotAvailable""]"
wusste,knew,"Missing[""NotAvailable""]"
gerade,just,"{""straight"", ""even"", ""forthright"", ""just""}"
gesagt,told,"Missing[""NotAvailable""]"
stimme,voice,"Missing[""NotAvailable""]"
machen,do,"{""make"", ""render"", ""turn in"", ""make up"", ""do"", ""take"", ""fix"", ""repair"", ""mend""}"
lassen,to let,"{""leave"", ""leave over"", ""allow"", ""permit"", ""let"", ""grant permission to"", ""suppose""}"
will,want,"Missing[""NotAvailable""]"
andere,other,"{""other"", ""others""}"
gar,at all,"{""done""}"
hielt,held,"Missing[""NotAvailable""]"
bist,are,"Missing[""NotAvailable""]"
wirklich,for real,"{""real"", ""actual"", ""true"", ""really"", ""actually"", ""simply"", ""truly""}"
erst,first,"{""primary"", ""prime"", ""principal"", ""main"", ""chief"", ""first"", ""only"", ""just"", ""merely"", ""but"", ""simply""}"
nahm,took,"Missing[""NotAvailable""]"
weiter,further,"{""farther"", ""further"", ""more specific"", ""more detailed""}"
genau,exactly,"{""very"", ""exact"", ""strict"", ""precise"", ""careful"", ""conscientious"", ""meticulous"", ""punctilious"", ""accurate"", ""thorough"", ""strictly"", ""nicely"", ""exactly"", ""accurately"", ""precisely"", ""right"", ""plumb"", ""in detail"", ""just""}"
müssen,have to,"{""must"", ""ought to"", ""should"", ""need"", ""need to"", ""have to""}"
haus,House,"Missing[""NotAvailable""]"
dabei,there,"Missing[""NotAvailable""]"
zog,drew,"Missing[""NotAvailable""]"
gegen,against,"{""against"", ""alien to"", ""toward"", ""opposed to"", ""at"", ""around"", ""contra"", ""versus"", ""anti""}"
mutter,mother,"Missing[""NotAvailable""]"
lange,Long,"{""for a long time""}"
machte,made,"Missing[""NotAvailable""]"
darauf,thereon,"{""thereupon"", ""after"", ""afterwards"", ""afterward"", ""later"", ""subsequently"", ""next"", ""on it"", ""on"", ""over it""}"
beiden,both,"Missing[""NotAvailable""]"
menschen,People,"Missing[""NotAvailable""]"
davon,from that,"{""thereof"", ""belonging to"", ""of that""}"
dieses,this,"{""this""}"
zwischen,between,"{""between"", ""among""}"
gehen,walk,"{""go"", ""leave"", ""move on"", ""get along"", ""get going"", ""walk"", ""function"", ""work"", ""operate""}"
wer,who,"{""who""}"
gibt,gives,"Missing[""NotAvailable""]"
sei,be,"Missing[""NotAvailable""]"
heute,today,"{""today"", ""nowadays"", ""at present"", ""presently""}"
könnte,could,"Missing[""NotAvailable""]"
sicher,for sure,"{""safe"", ""secure"", ""certain"", ""convinced"", ""satisfied"", ""confident"", ""sure"", ""positive"", ""indisputable"", ""without risk"", ""assured"", ""self-assured"", ""self-confident"", ""sure of oneself"", ""bound"", ""for sure"", ""for certain"", ""with certainty"", ""rightly"", ""cert"
drei,three,"{""three""}"
tag,Day,"Missing[""NotAvailable""]"
zusammen,together,"{""together"", ""amongst one another"", ""with each other""}"
worden,been,"Missing[""NotAvailable""]"
fast,nearly,"{""almost"", ""nearly"", ""all but"", ""not quite""}"
vater,father,"Missing[""NotAvailable""]"
meinen,mean,"{""mean"", ""drive at"", ""reckon"", ""think"", ""suppose"", ""figure""}"
gesehen,seen,"Missing[""NotAvailable""]"
diesen,this,"Missing[""NotAvailable""]"
geht,going,"Missing[""NotAvailable""]"
keinen,no,"Missing[""NotAvailable""]"
hin,down,"Missing[""NotAvailable""]"
seit,since,"{""from ... onward"", ""from ... on"", ""from ... onwards"", ""from ... forwards"", ""since"", ""for"", ""ever since""}"
seite,page,"Missing[""NotAvailable""]"
kommen,come,"{""come""}"
dafür,for this,"{""pro"", ""in favor""}"
sogar,even,"{""even"", ""still""}"
neben,Next,"{""next to"", ""alongside of"", ""closest to"", ""near"", ""beside"", ""compared with"", ""by contrast with"", ""against"", ""besides"", ""apart from"", ""in addition to"", ""as well as"", ""alongside"", ""at the side of"", ""other than"", ""aside from""}"
soll,should,"Missing[""NotAvailable""]"
moment,moment,"Missing[""NotAvailable""]"
lag,was,"Missing[""NotAvailable""]"
daran,it,"Missing[""NotAvailable""]"
mädchen,girl,"Missing[""NotAvailable""]"
ersten,first,"Missing[""NotAvailable""]"
ganze,whole,"Missing[""NotAvailable""]"
legte,put,"Missing[""NotAvailable""]"
boden,ground,"Missing[""NotAvailable""]"
schließlich,in the end,"{""finally"", ""at last"", ""in the end"", ""ultimately"", ""after all"", ""lastly"", ""eventually""}"
wohl,well,"{""well""}"
sondern,rather,"{""but""}"
natürlich,Naturally,"{""natural"", ""inbred"", ""unaffected"", ""unstudied"", ""naturally""}"
werde,will,"Missing[""NotAvailable""]"
euch,you,"{""you"", ""yourselves""}"
schien,appeared,"Missing[""NotAvailable""]"
dazu,to,"Missing[""NotAvailable""]"
meiner,mine,"{""mine""}"
plötzlich,suddenly,"{""overnight"", ""sudden"", ""flash"", ""abrupt"", ""suddenly"", ""all of a sudden"", ""all at once"", ""short""}"
bevor,before,"{""before"", ""earlier than"", ""prior to"", ""previous to"", ""until"", ""till""}"
ende,The End,"Missing[""NotAvailable""]"
männer,Men,"Missing[""NotAvailable""]"
welt,world,"Missing[""NotAvailable""]"
jemand,someone,"{""anyone"", ""anybody"", ""somebody"", ""someone""}"
hörte,heard,"Missing[""NotAvailable""]"
hab,hab,"Missing[""NotAvailable""]"
später,later,"{""after"", ""afterwards"", ""afterward"", ""later"", ""subsequently"", ""next"", ""in time"", ""in due time"", ""later on"", ""some day"", ""hereafter"", ""after this""}"
nacht,night,"Missing[""NotAvailable""]"
hände,hands,"Missing[""NotAvailable""]"
kaum,barely,"{""barely"", ""hardly"", ""only just"", ""with difficulty"", ""scarcely"", ""not very""}"
kleinen,small,"Missing[""NotAvailable""]"
wenig,little,"{""few"", ""not many"", ""little"", ""not much"", ""not very""}"
gleich,equal,"{""equal"", ""like"", ""similar"", ""of the same quality"", ""the same"", ""alike"", ""similarly"", ""immediately"", ""instantly"", ""instantaneously"", ""soon"", ""shortly"", ""right away"", ""at once"", ""directly"", ""straightaway"", ""forthwith""}"
würden,would,"Missing[""NotAvailable""]"
wollen,want,"{""woollen"", ""want"", ""desire"", ""like to"", ""be willing to"", ""wish""}"
luft,air,"Missing[""NotAvailable""]"
recht,Law,"{""plain"", ""right""}"
beim,at the,"{""in the act of""}"
stehen,stand,"{""appear"", ""be listed"", ""figure"", ""stand"", ""be upright""}"
weit,far,"{""wide"", ""extensive"", ""commodious"", ""spacious"", ""roomy"", ""loose"", ""far-off"", ""distant"", ""faraway"", ""far off"", ""far"", ""afar"", ""way""}"
wurden,were,"Missing[""NotAvailable""]"
besser,better,"{""better""}"
fuhr,drove,"Missing[""NotAvailable""]"
eigentlich,actually,"{""virtual""}"
bitte,You're welcome,"{""kindly"", ""please"", ""you're welcome""}"
leute,People,"Missing[""NotAvailable""]"
angst,anxiety,"Missing[""NotAvailable""]"
blieb,remained,"Missing[""NotAvailable""]"
gemacht,made,"Missing[""NotAvailable""]"
kurz,short,"{""brief"", ""short"", ""little"", ""concise"", ""compact"", ""summarized"", ""condensed"", ""curt"", ""terse"", ""briefly"", ""shortly"", ""in short"", ""without wasting words"", ""in a few words"", ""for a little while"", ""for a moment"", ""for a bit""}"
bereits,already,"{""already""}"
kleine,small,"Missing[""NotAvailable""]"
setzte,sat,"Missing[""NotAvailable""]"
sofort,right away,"{""immediately"", ""instantly"", ""at once"", ""immediate"", ""instant"", ""promptly"", ""right away"", ""directly"", ""straightaway"", ""forthwith"", ""straight away""}"
sagt,says,"Missing[""NotAvailable""]"
nickte,nodded,"Missing[""NotAvailable""]"
viele,lots,"{""many"", ""a lot of"", ""many people"", ""many a person"", ""a lot of people""}"
macht,power,"Missing[""NotAvailable""]"
mund,mouth,"Missing[""NotAvailable""]"
allein,alone,"{""by oneself"", ""alone"", ""separate"", ""entirely"", ""only""}"
klar,clear,"{""outright"", ""out-and-out"", ""absolute"", ""downright"", ""definite"", ""clear-cut"", ""precise"", ""well-defined"", ""explicit"", ""clear"", ""clean-cut"", ""lucid"", ""clearly outlined"", ""bright"", ""perspicuous"", ""distinct"", ""sharply defined"", ""axiomatic"", ""self-evident"", ""a"
deine,yours,"{""your"", ""yours""}"
versuchte,tried,"Missing[""NotAvailable""]"
morgen,tomorrow,"{""tomorrow""}"
fest,firmly,"{""regular"", ""steady"", ""established"", ""permanent"", ""fixed"", ""firm"", ""stable"", ""solid"", ""tight"", ""determined"", ""resolute"", ""decisive"", ""stout"", ""fast"", ""tightly"", ""firmly"", ""faithfully"", ""solidly""}"
schnell,fast,"{""fast"", ""quick"", ""rapid"", ""nippy"", ""speedy"", ""ready"", ""prompt"", ""expeditious"", ""in a great hurry"", ""in a rush"", ""in a hurry"", ""quickly"", ""hastily"", ""hurriedly"", ""posthaste"", ""swiftly"", ""apace"", ""sharply"", ""suddenly"", ""soon""}"
denen,to those,"{""who"", ""whom"", ""that""}"
darüber,about that,"{""over it""}"
meinem,my,"Missing[""NotAvailable""]"
los,Come on,"Missing[""NotAvailable""]"
stellte,presented,"Missing[""NotAvailable""]"
frage,question,"Missing[""NotAvailable""]"
obwohl,even though,"{""while"", ""though"", ""although"", ""even though"", ""despite"", ""notwithstanding"", ""in spite of"", ""regardless of"", ""albeit""}"
genug,enough,"{""enough"", ""sufficient"", ""adequately"", ""sufficiently""}"
niemand,nobody,"{""nobody""}"
lang,long,"{""long""}"
bett,bed,"Missing[""NotAvailable""]"
kommt,coming,"Missing[""NotAvailable""]"
glaube,faith,"Missing[""NotAvailable""]"
augenblick,moment,"Missing[""NotAvailable""]"
hob,lifted,"Missing[""NotAvailable""]"
jahren,years,"Missing[""NotAvailable""]"
überhaupt,at all,"Missing[""NotAvailable""]"
junge,Boy,"Missing[""NotAvailable""]"
gott,God,"Missing[""NotAvailable""]"
großen,great,"Missing[""NotAvailable""]"
wasser,water,"Missing[""NotAvailable""]"
körper,body,"Missing[""NotAvailable""]"
jahre,years,"Missing[""NotAvailable""]"
lächelte,smiled,"Missing[""NotAvailable""]"
gehört,belongs,"Missing[""NotAvailable""]"
jeder,everyone,"{""every"", ""each"", ""all"", ""any"", ""each one"", ""everybody"", ""everyone"", ""every person"", ""anyone"", ""anybody"", ""no matter which""}"
gekommen,come,"Missing[""NotAvailable""]"
letzten,last,"{""latter"", ""later""}"
warf,threw,"Missing[""NotAvailable""]"
fiel,fell,"Missing[""NotAvailable""]"
drehte,turned,"Missing[""NotAvailable""]"
zimmer,room,"Missing[""NotAvailable""]"
gedanken,thoughts,"Missing[""NotAvailable""]"
hause,home,"Missing[""NotAvailable""]"
blickte,looked,"Missing[""NotAvailable""]"
begann,started,"Missing[""NotAvailable""]"
licht,light,"Missing[""NotAvailable""]"
hören,hear,"{""listen"", ""listen to"", ""hear""}"
seines,his,"{""his""}"
rief,cried,"Missing[""NotAvailable""]"
hoch,high,"{""high"", ""lofty"", ""high-pitched"", ""tall""}"
langsam,slowly,"{""slow"", ""tardy"", ""easy"", ""slowly"", ""gradually"", ""progressively"", ""bit by bit"", ""little by little"", ""by degrees""}"
trat,joined,"Missing[""NotAvailable""]"
sonst,otherwise,"{""else"", ""otherwise"", ""in another way"", ""differently"", ""or else"", ""if not""}"
beide,both,"{""either"", ""both"", ""one and the other"", ""the two""}"
zwar,though,"{""it's true"", ""indeed""}"
wort,word,"Missing[""NotAvailable""]"
grace,grace,"Missing[""NotAvailable""]"
unsere,our,"{""our"", ""ours""}"
fragen,ask,"{""apply for"", ""ask"", ""ask for"", ""ask oneself"", ""call for"", ""call on"", ""call upon"", ""demand"", ""doubt"", ""request"", ""require"", ""seek"", ""wonder""}"
abend,Eve,"Missing[""NotAvailable""]"
finden,Find,"{""be found"", ""detect"", ""discover"", ""find"", ""find out"", ""pop up"", ""smell out"", ""turn up"", ""uncover""}"
lächeln,smile,"{""smile""}"
all,Alles,"Missing[""NotAvailable""]"
kannst,can,"Missing[""NotAvailable""]"
art,kind,"Missing[""NotAvailable""]"
her,here,"Missing[""NotAvailable""]"
travis,travis,"Missing[""NotAvailable""]"
na,n / A,"Missing[""NotAvailable""]"
jeden,each,"Missing[""NotAvailable""]"
frauen,women,"Missing[""NotAvailable""]"
artjom,artem,"Missing[""NotAvailable""]"
nachdem,after this,"{""after""}"
tisch,table,"Missing[""NotAvailable""]"
arm,poor,"{""deprived"", ""underprivileged"", ""poor"", ""unfortunate""}"
namen,names,"Missing[""NotAvailable""]"
montalbano,montalbano,"Missing[""NotAvailable""]"
schüttelte,shook,"Missing[""NotAvailable""]"
geben,give,"{""give"", ""render"", ""give up"", ""deal"", ""reach"", ""pass"", ""supply"", ""furnish"", ""provide"", ""supply with"", ""furnish with"", ""provide with""}"
oben,above,"{""above"", ""overhead"", ""on top"", ""upstairs"", ""at the top"", ""up""}"
tat,did,"Missing[""NotAvailable""]"
fall,case,"Missing[""NotAvailable""]"
bisschen,little,"Missing[""NotAvailable""]"
fühlte,felt,"Missing[""NotAvailable""]"
bringen,bring,"{""walk"", ""bring"", ""bring along""}"
erwiderte,replied,"Missing[""NotAvailable""]"
worte,worte,"Missing[""NotAvailable""]"
einige,some,"{""a number of"", ""some"", ""several"", ""any""}"
herum,around,"{""around"", ""here and there"", ""all over"", ""about""}"
schaute,looked,"Missing[""NotAvailable""]"
jack,Jack,"Missing[""NotAvailable""]"
saß,sat,"Missing[""NotAvailable""]"
richtig,right,"{""correct"", ""right"", ""proper"", ""fitting"", ""befitting"", ""suitable"", ""apt"", ""true"", ""properly"", ""correctly"", ""rightly"", ""just"", ""exactly"", ""aright""}"
ganzen,all,"Missing[""NotAvailable""]"
stadt,city,"Missing[""NotAvailable""]"
spürte,felt,"Missing[""NotAvailable""]"
fand,found,"Missing[""NotAvailable""]"
wahrscheinlich,probably,"{""likely"", ""probable"", ""probably""}"
alten,old,"Missing[""NotAvailable""]"
wandte,turned,"Missing[""NotAvailable""]"
finger,finger,"Missing[""NotAvailable""]"
wegen,because of,"{""because"", ""since"", ""because of"", ""through"", ""for"", ""for the reason that"", ""by reason of"", ""as"", ""because of the fact that"", ""as a result of"", ""on account of""}"
fenster,window,"Missing[""NotAvailable""]"
kind,child,"Missing[""NotAvailable""]"
rücken,move,"Missing[""NotAvailable""]"
endlich,at last,"{""finite"", ""limited"", ""finally"", ""at last"", ""in the end"", ""ultimately"", ""after all"", ""lastly"", ""eventually""}"
geld,money,"Missing[""NotAvailable""]"
lippen,lips,"Missing[""NotAvailable""]"
antwortete,answered,"Missing[""NotAvailable""]"
liebe,love,"Missing[""NotAvailable""]"
nächsten,next,"Missing[""NotAvailable""]"
willst,want,"Missing[""NotAvailable""]"
haar,hair,"Missing[""NotAvailable""]"
jungen,boys,"Missing[""NotAvailable""]"
kinder,children,"Missing[""NotAvailable""]"
große,size,"Missing[""NotAvailable""]"
gefunden,found,"Missing[""NotAvailable""]"
öffnete,opened,"Missing[""NotAvailable""]"
damals,back then,"{""formerly"", ""in the past"", ""in former days"", ""then"", ""at that time"", ""at the time"", ""in those days"", ""way back then""}"
’s,s,"Missing[""NotAvailable""]"
konnten,could,"Missing[""NotAvailable""]"
leise,quiet,"{""faintly"", ""unclearly"", ""indistinctly""}"
hätten,had,"Missing[""NotAvailable""]"
dein,your,"{""your""}"
weißt,know,"Missing[""NotAvailable""]"
ihres,their,"{""hers""}"
erste,first,"{""first""}"
arbeit,job,"Missing[""NotAvailable""]"
tut,does,"Missing[""NotAvailable""]"
minuten,minutes,"Missing[""NotAvailable""]"
nehmen,to take,"{""take"", ""bereave""}"
glauben,believe,"{""believe in"", ""have trust in"", ""have faith in"", ""believe"", ""suppose"", ""accept""}"
tatsächlich,indeed,"{""real"", ""actual"", ""true"", ""really"", ""actually"", ""indeed"", ""in fact"", ""sure enough"", ""wouldn't you know""}"
gefühl,feeling,"Missing[""NotAvailable""]"
straße,Street,"Missing[""NotAvailable""]"
trug,wore,"Missing[""NotAvailable""]"
etwa,approximately,"{""about"", ""approximately"", ""almost"", ""roughly"", ""nearly"", ""around"", ""some""}"
allem,all,"Missing[""NotAvailable""]"
geworden,become,"Missing[""NotAvailable""]"
arme,poor,"Missing[""NotAvailable""]"
schloss,lock,"Missing[""NotAvailable""]"
blut,blood,"Missing[""NotAvailable""]"
grund,reason,"Missing[""NotAvailable""]"
deshalb,that's why,"Missing[""NotAvailable""]"
tief,deep,"{""deep"", ""profound"", ""deep-seated"", ""whole-hearted"", ""heartfelt"", ""intense"", ""strong"", ""low""}"
vier,four,"{""four""}"
halten,hold,"{""hold"", ""contain"", ""deliver"", ""make"", ""keep"", ""last"", ""withstand use"", ""halt"", ""come to a stop"", ""stop"", ""retain""}"
fort,on,"{""aside"", ""apart"", ""in reserve"", ""away"", ""go away"", ""get out""}"
leicht,light,"{""effortless"", ""without effort"", ""light"", ""lightweight"", ""soft"", ""easy"", ""cushy"", ""flimsy"", ""lenient"", ""not strict"", ""not difficult"", ""simple"", ""elementary"", ""lightly"", ""readily"", ""gently"", ""softly"", ""slightly"", ""a bit"", ""somewhat"", ""easily"", ""without dif"
emma,emma,"Missing[""NotAvailable""]"
draußen,outside,"{""outdoor"", ""outside"", ""outdoors"", ""out of doors"", ""in open air"", ""alfresco""}"
sache,Thing,"Missing[""NotAvailable""]"
wagen,dare,"{""venture"", ""dare""}"
bloß,just,"{""simply"", ""only"", ""just"", ""merely""}"
bleiben,stay,"{""stay"", ""keep on"", ""continue to"", ""remain"", ""be left over"", ""be left"", ""abide""}"
griff,Handle,"Missing[""NotAvailable""]"
herz,heart,"Missing[""NotAvailable""]"
ziemlich,quite,"{""fairly"", ""pretty"", ""quite"", ""rather"", ""somewhat"", ""tolerably"", ""reasonably""}"
manchmal,sometimes,"{""sometimes"", ""now and then""}"
außerdem,in addition,"{""moreover"", ""in addition"", ""besides"", ""furthermore""}"
sollten,should,"Missing[""NotAvailable""]"
denken,think,"{""think"", ""reason""}"
teil,part,"Missing[""NotAvailable""]"
völlig,completely,"{""utter"", ""stark"", ""unadulterated"", ""complete"", ""unmitigated"", ""sheer"", ""plain"", ""outright"", ""blatant"", ""downright"", ""pure"", ""absolute"", ""total"", ""general"", ""thorough"", ""crashing"", ""entire"", ""whole"", ""integral"", ""altogether"", ""wholly"", ""completely"", ""thor"
unten,below,"{""below"", ""beneath"", ""under"", ""underneath"", ""down"", ""at the bottom"", ""downstairs"", ""on the first floor""}"
dessen,whose,"{""whose"", ""of which""}"
getan,done,"Missing[""NotAvailable""]"
uhr,Clock,"Missing[""NotAvailable""]"
jedoch,however,"{""nevertheless"", ""nonetheless"", ""in spite of this"", ""in spite of that"", ""however"", ""though"", ""yet"", ""despite"", ""notwithstanding"", ""in spite of"", ""regardless of"", ""albeit"", ""except that"", ""but"", ""only""}"
raum,room,"Missing[""NotAvailable""]"
john,John,"Missing[""NotAvailable""]"
anders,different,"{""different"", ""extraordinary"", ""dissimilar"", ""diverse"", ""else"", ""otherwise"", ""in another way"", ""differently"", ""or else"", ""if not""}"
hernando,hernando,"Missing[""NotAvailable""]"
tod,death,"Missing[""NotAvailable""]"
schwer,heavy,"{""trying"", ""thick"", ""heavy"", ""pronounced"", ""severe"", ""turbid"", ""dense"", ""arduous"", ""tough"", ""strenuous"", ""burdensome"", ""difficult"", ""hard"", ""laborious"", ""uphill"", ""problematic"", ""problematical"", ""troublesome"", ""nasty"", ""serious"", ""stodgy"", ""ponderous"", ""u"
eigenen,own,"Missing[""NotAvailable""]"
erklärte,explained,"Missing[""NotAvailable""]"
je,ever,"{""apiece"", ""each"", ""for each one""}"
reden,talk,"{""talk"", ""speak"", ""converse"", ""have a conversation""}"
schlug,beat,"Missing[""NotAvailable""]"
essen,eat,"{""eat"", ""feed""}"
stelle,location,"Missing[""NotAvailable""]"
sieht,looks,"Missing[""NotAvailable""]"
starrte,staring,"Missing[""NotAvailable""]"
bruder,brothers,"Missing[""NotAvailable""]"
himmel,sky,"Missing[""NotAvailable""]"
bekommen,to get,"{""get"", ""elicit"", ""draw out"", ""obtain"", ""acquire"", ""come by"", ""gain""}"
geschichte,history,"Missing[""NotAvailable""]"
heraus,out,"{""out""}"
frank,frank,"Missing[""NotAvailable""]"
fünf,five,"{""five""}"
allen,all,"Missing[""NotAvailable""]"
familie,family,"Missing[""NotAvailable""]"
sprechen,speak,"{""speak"", ""make a speech"", ""talk"", ""converse"", ""have a conversation""}"
schön,beautiful,"{""nice"", ""clean"", ""neat"", ""fine"", ""fair"", ""beautiful"", ""enjoyable"", ""delightful"", ""lovely"", ""pleasant"", ""pleasurable"", ""handsome"", ""attractive"", ""nicely"", ""neatly"", ""prettily""}"
alte,old,"Missing[""NotAvailable""]"
allerdings,Indeed,"{""it's true"", ""indeed""}"
oft,often,"{""often"", ""frequently""}"
dinge,things,"Missing[""NotAvailable""]"
drückte,expressed,"Missing[""NotAvailable""]"
richtung,direction,"Missing[""NotAvailable""]"
wand,wall,"Missing[""NotAvailable""]"
eben,just,"{""even"", ""level"", ""flat"", ""smooth""}"
trotzdem,Nevertheless,"{""nevertheless"", ""nonetheless"", ""in spite of this"", ""in spite of that"", ""however"", ""though"", ""yet"", ""despite"", ""notwithstanding"", ""in spite of"", ""regardless of"", ""albeit""}"
einzige,only one,"Missing[""NotAvailable""]"
vorbei,past,"{""over"", ""past"", ""farther than""}"
okay,OK,"Missing[""NotAvailable""]"
danach,after that,"{""after"", ""afterwards"", ""afterward"", ""later"", ""subsequently"", ""next"", ""thereafter"", ""hereafter"", ""after this""}"
bestimmt,certainly,"{""definite"", ""clear-cut"", ""precise"", ""well-defined"", ""explicit"", ""clear"", ""clean-cut"", ""certain"", ""particular"", ""concrete"", ""positive"", ""sure"", ""bound"", ""destined for"", ""intended for"", ""destined"", ""fated"", ""predetermined"", ""predestined"", ""doomed"", ""indeed"
direkt,directly,"{""firsthand"", ""direct"", ""immediate"", ""straight"", ""immediately"", ""instantly"", ""at once"", ""point-blank"", ""without wasting words"", ""directly"", ""right away"", ""straightaway"", ""forthwith"", ""straight away""}"
leid,suffering,"Missing[""NotAvailable""]"
stunden,hours,"Missing[""NotAvailable""]"
zehn,ten,"{""ten""}"
stirn,forehead,"Missing[""NotAvailable""]"
danke,Thank you,"Missing[""NotAvailable""]"
sollen,should,"{""should"", ""will"", ""'ll"", ""ought to"", ""shall""}"
platz,place,"Missing[""NotAvailable""]"
haut,skin,"Missing[""NotAvailable""]"
brachte,brought,"Missing[""NotAvailable""]"
jede,each,"{""each""}"
letzte,latest,"{""last"", ""past"", ""previous"", ""former""}"
oh,Oh,"{""oh""}"
möglich,possible,"{""possible"", ""conceivable"", ""thinkable"", ""imaginable"", ""supposable"", ""picturable""}"
lieber,Dear,"{""before"", ""rather than"", ""rather"", ""preferably""}"
gern,gladly,"{""gladly"", ""with pleasure"", ""willingly""}"
laut,according to,"{""loud"", ""rowdy"", ""noisy"", ""vociferous"", ""aloud"", ""according to"", ""as appears from"", ""as is evident from""}"
anderes,other,"{""other""}"
neue,new,"Missing[""NotAvailable""]"
möchte,would like to,"Missing[""NotAvailable""]"
schwester,sister,"Missing[""NotAvailable""]"
sprach,spoke,"Missing[""NotAvailable""]"
bald,soon,"{""soon"", ""shortly"", ""pronto""}"
antwort,answer,"Missing[""NotAvailable""]"
verlassen,leave,"{""abandon"", ""abandoned"", ""count on"", ""depend on"", ""depend upon"", ""desert"", ""deserted"", ""desolate"", ""forsake"", ""given up"", ""give up"", ""leave"", ""leave behind"", ""left behind"", ""lonely"", ""rely on"", ""uninhabited"", ""unvisited"", ""vacate""}"
heißt,called,"Missing[""NotAvailable""]"
gegeben,given,"{""given""}"
hals,neck,"Missing[""NotAvailable""]"
steht,stands,"Missing[""NotAvailable""]"
gehabt,had,"Missing[""NotAvailable""]"
stück,piece,"Missing[""NotAvailable""]"
schultern,shoulder,"Missing[""NotAvailable""]"
schritt,step,"Missing[""NotAvailable""]"
feuer,Fire,"Missing[""NotAvailable""]"
führte,led,"Missing[""NotAvailable""]"
gute,quality,"Missing[""NotAvailable""]"
erzählt,tells,"Missing[""NotAvailable""]"
tot,dead,"{""dead"", ""deceased"", ""defunct"", ""departed""}"
voller,full of,"Missing[""NotAvailable""]"
vergessen,to forget,"{""forgotten"", ""forget"", ""loose the knack""}"
meinte,said,"Missing[""NotAvailable""]"
ehe,marriage,"{""before"", ""prior to"", ""previous to""}"
freund,friend,"Missing[""NotAvailable""]"
sohn,son,"Missing[""NotAvailable""]"
passiert,happens,"Missing[""NotAvailable""]"
stieß,pushed,"Missing[""NotAvailable""]"
offenbar,apparently,"{""evident"", ""apparent"", ""clear"", ""obvious"", ""plain"", ""unmistakable"", ""apparently"", ""obviously""}"
kamen,came,"Missing[""NotAvailable""]"
kannte,knew,"Missing[""NotAvailable""]"
schulter,shoulder,"Missing[""NotAvailable""]"
schob,pushed,"Missing[""NotAvailable""]"
tage,days,"Missing[""NotAvailable""]"
mike,mike,"Missing[""NotAvailable""]"
händen,hands,"Missing[""NotAvailable""]"
standen,stood,"Missing[""NotAvailable""]"
lachte,laughing,"Missing[""NotAvailable""]"
klang,sound,"Missing[""NotAvailable""]"
dies,this,"{""this""}"
ort,place,"Missing[""NotAvailable""]"
herr,Sir,"Missing[""NotAvailable""]"
auto,automobile,"Missing[""NotAvailable""]"
weise,wise,"{""sage"", ""sound"", ""wise"", ""showing good sense"", ""showing good judgment"", ""profound""}"
ach,Oh,"{""oh"", ""alas"", ""oh well""}"
zeigte,showed,"Missing[""NotAvailable""]"
jedes,each,"{""each""}"
ebenfalls,Likewise,"{""likewise"", ""also"", ""so"", ""too"", ""as well"", ""in addition"", ""ditto"", ""as before""}"
weniger,fewer,"{""fewer"", ""less""}"
neuen,new,"Missing[""NotAvailable""]"
verdammt,damned,"{""damned"", ""blasted"", ""god-awful"", ""accursed"", ""cursed"", ""doomed"", ""bedeviled"", ""bedevilled"", ""hexed"", ""voodooed"", ""star-crossed"", ""damn it""}"
wartete,was waiting,"Missing[""NotAvailable""]"
tochter,daughter,"Missing[""NotAvailable""]"
philip,philip,"Missing[""NotAvailable""]"
meisten,most,"Missing[""NotAvailable""]"
helfen,help,"{""help"", ""assist"", ""aid""}"
unser,our,"{""our""}"
keiner,none,"Missing[""NotAvailable""]"
wann,when,"{""when""}"
brust,chest,"Missing[""NotAvailable""]"
erkennen,recognize,"{""learn"", ""realize"", ""spot"", ""recognize"", ""discern"", ""perceive"", ""detect"", ""notice"", ""appreciate"", ""value"", ""understand""}"
brauchte,needed,"Missing[""NotAvailable""]"
glück,luck,"Missing[""NotAvailable""]"
jedenfalls,in any case,"{""anyway"", ""anyhow"", ""in any case"", ""at least"", ""at any rate"", ""no matter how""}"
lief,ran,"Missing[""NotAvailable""]"
weile,while,"Missing[""NotAvailable""]"
warten,waiting,"{""wait"", ""hang around"", ""service"", ""maintain"", ""keep up"", ""hold""}"
außer,except,"{""except"", ""besides"", ""beside"", ""apart from"", ""in addition to"", ""as well as"", ""barring"", ""excepting"", ""except for"", ""but"", ""if not"", ""saving"", ""save"", ""not including"", ""leaving out"", ""other than"", ""aside from"", ""except that"", ""only""}"
früher,earlier,"{""prior"", ""former"", ""anterior"", ""earlier"", ""previous"", ""departed"", ""past"", ""formerly"", ""in the past"", ""in former days"", ""before"", ""at that time"", ""at the time"", ""in those days"", ""way back then""}"
besonders,especially,"{""notably"", ""particularly"", ""especially"", ""singularly"", ""remarkably"", ""extremely"", ""specifically"", ""mainly"", ""specially""}"
genauso,just like that,"{""just as"", ""quite as"", ""every bit as"", ""also"", ""too"", ""as well"", ""in addition"", ""ditto"", ""as before""}"
zuckte,twitched,"Missing[""NotAvailable""]"
daniel,Daniel,"Missing[""NotAvailable""]"
hinaus,out,"{""out""}"
darin,therein,"{""in that"", ""therein""}"
schwarzen,black,"Missing[""NotAvailable""]"
betrachtete,looked at,"Missing[""NotAvailable""]"
stunde,hour,"Missing[""NotAvailable""]"
eher,rather,"{""rather"", ""preferably""}"
wirst,will,"Missing[""NotAvailable""]"
bild,picture,"Missing[""NotAvailable""]"
sorgen,to care,"{""fret""}"
gegangen,went,"Missing[""NotAvailable""]"
meter,meter,"Missing[""NotAvailable""]"
falls,if,"{""in case"", ""in the event that""}"
sir,sir,"Missing[""NotAvailable""]"
küche,kitchen,"Missing[""NotAvailable""]"
verloren,lost,"{""lost""}"
stellen,put,"{""put in"", ""submit"", ""arrange"", ""classify"", ""organize"", ""systematize"", ""order"", ""sort"", ""pose"", ""put forward"", ""lay"", ""lay down"", ""put"", ""place""}"
beinahe,nearly,"{""approximate"", ""estimated"", ""virtually"", ""almost"", ""nearly"", ""all but"", ""not quite""}"
irgendwie,somehow,"{""somehow"", ""anyhow"", ""in any case"", ""no matter how"", ""anyway"", ""at any rate""}"
wahr,true,"Missing[""NotAvailable""]"
wirkte,worked,"Missing[""NotAvailable""]"
tom,tom,"Missing[""NotAvailable""]"
zuvor,before,"{""before"", ""previously"", ""prior to"", ""previous to""}"
flüsterte,whispered,"Missing[""NotAvailable""]"
tränen,tears,"{""water""}"
nähe,neighborhood,"Missing[""NotAvailable""]"
fertig,finished,"{""ready"", ""set"", ""all set"", ""complete"", ""finished"", ""ended"", ""through"", ""done"", ""terminated""}"
wollten,wanted to,"Missing[""NotAvailable""]"
musst,must,"Missing[""NotAvailable""]"
inzwischen,meanwhile,"{""meanwhile"", ""in the meantime"", ""between times"", ""in between"", ""since"", ""since then""}"
jahr,year,"Missing[""NotAvailable""]"
gedacht,thought,"Missing[""NotAvailable""]"
groß,large,"{""great"", ""large"", ""big"", ""huge"", ""bulky"", ""gross"", ""tall""}"
näher,closer,"{""further"", ""more specific"", ""more detailed"", ""closely"", ""nearly"", ""closer"", ""nearer""}"
welche,Which,"{""which"", ""what"", ""whichever""}"
erneut,again,"Missing[""NotAvailable""]"
entfernt,away,"{""far-off"", ""distant"", ""faraway"", ""far off"", ""far"", ""afar"", ""away""}"
ruhig,calm,"{""windless"", ""calm"", ""still"", ""quiet"", ""placid"", ""tranquil"", ""serene"", ""sober-minded"", ""silent"", ""smooth"", ""peaceful"", ""peaceable"", ""unruffled"", ""easy"", ""quietly"", ""silently"", ""noiselessly""}"
hilfe,Help,"Missing[""NotAvailable""]"
weitere,Further,"Missing[""NotAvailable""]"
komm,come over,"Missing[""NotAvailable""]"
verstehen,understand,"{""get"", ""understand"", ""apprehend"", ""grasp"", ""comprehend"", ""perceive"", ""figure out"", ""appreciate"", ""catch on""}"
lass,let,"Missing[""NotAvailable""]"
menge,amount,"Missing[""NotAvailable""]"
ebenso,as well,"{""also"", ""too"", ""as well"", ""in addition"", ""ditto"", ""as before""}"
versucht,tries,"Missing[""NotAvailable""]"
nase,nose,"Missing[""NotAvailable""]"
deren,their,"{""whose"", ""of which"", ""of whom""}"
glas,Glass,"Missing[""NotAvailable""]"
stieg,rose,"Missing[""NotAvailable""]"
wohnung,flat,"Missing[""NotAvailable""]"
verstand,mind,"Missing[""NotAvailable""]"
niemals,No way,"{""never""}"
habt,have,"Missing[""NotAvailable""]"
bemerkte,noticed,"Missing[""NotAvailable""]"
sobald,as soon as,"Missing[""NotAvailable""]"
könig,king,"Missing[""NotAvailable""]"
solche,such,"{""such""}"
könnten,could,"Missing[""NotAvailable""]"
beine,legs,"Missing[""NotAvailable""]"
vermutlich,presumably,"{""reputed"", ""suppositional"", ""presumptive"", ""presumably"", ""supposedly""}"
gebracht,brought,"Missing[""NotAvailable""]"
genommen,took,"Missing[""NotAvailable""]"
vielen,a lot of,"Missing[""NotAvailable""]"
holte,took,"Missing[""NotAvailable""]"
kapitel,chapter,"Missing[""NotAvailable""]"
carl,carl,"Missing[""NotAvailable""]"
langen,long,"Missing[""NotAvailable""]"
eltern,parents,"Missing[""NotAvailable""]"
trotz,in spite of,"{""despite"", ""notwithstanding"", ""in spite of"", ""regardless of"", ""albeit""}"
rahil,rahil,"Missing[""NotAvailable""]"
hervor,out,"Missing[""NotAvailable""]"
wahrheit,truth,"Missing[""NotAvailable""]"
sag,say,"Missing[""NotAvailable""]"
unserer,our,"{""ours""}"
problem,problem,"Missing[""NotAvailable""]"
erinnerte,recalled,"Missing[""NotAvailable""]"
halb,half,"{""half"", ""only half a""}"
commissario,commissario,"Missing[""NotAvailable""]"
mensch,man,"Missing[""NotAvailable""]"
aller,all,"Missing[""NotAvailable""]"
diesmal,this time,"Missing[""NotAvailable""]"
aufs,onto,"Missing[""NotAvailable""]"
lachen,laugh,"{""laugh""}"
folgte,followed,"Missing[""NotAvailable""]"
erde,earth,"Missing[""NotAvailable""]"
land,country,"Missing[""NotAvailable""]"
treppe,stairway,"Missing[""NotAvailable""]"
ordnung,order,"Missing[""NotAvailable""]"
weder,neither,"Missing[""NotAvailable""]"
lässt,leaves,"Missing[""NotAvailable""]"
atem,breath,"Missing[""NotAvailable""]"
jake,jake,"Missing[""NotAvailable""]"
wenigstens,at least,"{""at least"", ""at any rate"", ""anyhow"", ""anyway"", ""plus"", ""and above"", ""a minimum of""}"
liegt,lies,"Missing[""NotAvailable""]"
jedem,each,"Missing[""NotAvailable""]"
murmelte,murmured,"Missing[""NotAvailable""]"
gegenüber,across from,"{""in relation to"", ""towards"", ""with regard to"", ""opposite"", ""facing""}"
bereit,ready,"{""ready"", ""disposed"", ""willing"", ""inclined"", ""ripe""}"
fallen,fall,"{""fall"", ""slump"", ""go down"", ""drop"", ""sink"", ""fall away"", ""recede""}"
polizei,police,"Missing[""NotAvailable""]"
irgendwo,somewhere,"{""somewhere"", ""someplace"", ""anyplace"", ""anywhere"", ""wherever""}"
reichte,enough,"Missing[""NotAvailable""]"
ahnung,idea,"Missing[""NotAvailable""]"
gingen,went,"Missing[""NotAvailable""]"
büro,office,"Missing[""NotAvailable""]"
vorsichtig,carefully,"{""guarded"", ""careful"", ""safe"", ""conservative"", ""cautious"", ""prudent"", ""wary"", ""chary"", ""circumspect"", ""watchful"", ""gingerly"", ""warily""}"
darf,may,"Missing[""NotAvailable""]"
zumindest,at least,"{""at least"", ""at any rate"", ""anyhow"", ""anyway"", ""a minimum of""}"
fuß,foot,"Missing[""NotAvailable""]"
fahren,drive,"{""go"", ""drive"", ""drive a car"", ""ride"", ""navigate"", ""sail""}"
egal,no matter,"Missing[""NotAvailable""]"
darum,therefore,"Missing[""NotAvailable""]"
schatten,shadow,"Missing[""NotAvailable""]"
befand,was,"Missing[""NotAvailable""]"
schrie,cried,"Missing[""NotAvailable""]"
buch,book,"Missing[""NotAvailable""]"
ruhe,Quiet,"Missing[""NotAvailable""]"
alt,old,"{""old"", ""aged"", ""stale"", ""ancient""}"
erzählen,tell,"{""tell"", ""narrate"", ""relate"", ""describe"", ""tell about"", ""recount""}"
geschehen,done,"{""happen"", ""occur"", ""happen to"", ""befall""}"
sechs,six,"{""six""}"
gefallen,like,"{""fallen"", ""dropped"", ""appeal to"", ""attract"", ""please"", ""make happy"", ""down""}"
steckte,put,"Missing[""NotAvailable""]"
stimmt,Right,"Missing[""NotAvailable""]"
riss,crack,"Missing[""NotAvailable""]"
suchen,search,"{""look for"", ""search for"", ""seek after"", ""seek for"", ""seek"", ""want""}"
kraft,force,"Missing[""NotAvailable""]"
denke,think,"Missing[""NotAvailable""]"
deinen,your,"Missing[""NotAvailable""]"
erinnern,recall,"{""remember"", ""recall"", ""recollect""}"
telefon,phone,"Missing[""NotAvailable""]"
sprang,leapt,"Missing[""NotAvailable""]"
brauchen,need,"{""need"", ""require"", ""need to"", ""have to""}"
hinunter,down,"{""downward""}"
wieso,how so,"Missing[""NotAvailable""]"
zuerst,first,"{""at first"", ""in the beginning"", ""for the first time"", ""first"", ""firstly""}"
besten,best,"Missing[""NotAvailable""]"
seufzte,sighed,"Missing[""NotAvailable""]"
kaffee,coffee,"Missing[""NotAvailable""]"
glaubte,thought,"Missing[""NotAvailable""]"
weißen,white,"Missing[""NotAvailable""]"
tasche,bag,"Missing[""NotAvailable""]"
wären,would,"Missing[""NotAvailable""]"
länger,longer,"Missing[""NotAvailable""]"
bekam,got,"Missing[""NotAvailable""]"
decke,blanket,"Missing[""NotAvailable""]"
guten,good,"Missing[""NotAvailable""]"
hinten,behind,"{""in the back"", ""in the rear"", ""aft"", ""abaft"", ""rearwards"", ""rearward"", ""to the rear""}"
waffe,weapon,"Missing[""NotAvailable""]"
eins,one,"{""one""}"
gerne,with pleasure,"{""gladly"", ""with pleasure""}"
deiner,yours,"{""yours""}"
treffen,to meet,"{""afflict"", ""gather"", ""join"", ""meet"", ""strike""}"
beugte,leaned,"Missing[""NotAvailable""]"
gesprochen,spoken,"{""spoken""}"
erkannte,recognized,"Missing[""NotAvailable""]"
erfahren,experience,"{""experienced"", ""practiced"", ""skilled"", ""feel"", ""experience"", ""find out"", ""discover"", ""learn"", ""smell out"", ""get wind of""}"
sinn,sense,"Missing[""NotAvailable""]"
kennen,know,"{""know"", ""be acquainted with""}"
schmerz,pain,"Missing[""NotAvailable""]"
stuhl,chair,"Missing[""NotAvailable""]"
sonne,Sun,"Missing[""NotAvailable""]"
gestern,yesterday,"{""yesterday""}"
bewegung,Move,"Missing[""NotAvailable""]"
hinein,in,"Missing[""NotAvailable""]"
posleen,Posleen,"Missing[""NotAvailable""]"
krieg,war,"Missing[""NotAvailable""]"
tagen,meet,"Missing[""NotAvailable""]"
geralt,geralt,"Missing[""NotAvailable""]"
woche,week,"Missing[""NotAvailable""]"
wind,wind,"Missing[""NotAvailable""]"
dunkelheit,Darkness,"Missing[""NotAvailable""]"
keller,"basement, cellar","Missing[""NotAvailable""]"
alter,older,"Missing[""NotAvailable""]"
armen,poor,"Missing[""NotAvailable""]"
wochen,weeks,"Missing[""NotAvailable""]"
teufel,devil,"Missing[""NotAvailable""]"
dagegen,on the other hand,"{""however""}"
offensichtlich,obviously,"{""logical"", ""obvious"", ""apparent"", ""seeming"", ""appearing"", ""axiomatic"", ""self-evident"", ""aphoristic"", ""conspicuous"", ""noticeable"", ""remarkable"", ""evident"", ""clear"", ""plain"", ""unmistakable"", ""palpable"", ""apparently"", ""obviously"", ""clearly"", ""evidently"", ""d"
auge,eye,"Missing[""NotAvailable""]"
spät,late,"{""late"", ""belated"", ""too late"", ""tardy""}"
mussten,had,"Missing[""NotAvailable""]"
william,william,"Missing[""NotAvailable""]"
irgendwann,Sometime,"{""sometime""}"
alex,Alex,"Missing[""NotAvailable""]"
mochte,would like to,"Missing[""NotAvailable""]"
nämlich,namely,"{""for"", ""since"", ""as"", ""namely"", ""that is"", ""specifically""}"
tages,day,"Missing[""NotAvailable""]"
idee,idea,"Missing[""NotAvailable""]"
julian,Julian,"Missing[""NotAvailable""]"
indem,while,"Missing[""NotAvailable""]"
sachen,stuff,"Missing[""NotAvailable""]"
offen,open,"{""open"", ""open-ended"", ""unobstructed"", ""unimpeded"", ""unhindered"", ""clear"", ""unrestricted"", ""vacant"", ""frank"", ""overt"", ""loose"", ""receivable"", ""honest"", ""aboveboard"", ""straightforward"", ""sincere"", ""candid"", ""on the up-and-up"", ""on the up and up"", ""upfront"""
haare,hair,"Missing[""NotAvailable""]"
überall,all over,"{""everywhere"", ""everyplace""}"
schlüssel,key,"Missing[""NotAvailable""]"
verschwunden,disappeared,"Missing[""NotAvailable""]"
schritte,steps,"Missing[""NotAvailable""]"
erklären,to explain,"{""clarify"", ""explain"", ""enlighten"", ""illuminate"", ""elucidate"", ""state"", ""show"", ""justify"", ""give a good reason for"", ""explain satisfactorily"", ""declare"", ""account for"", ""define"", ""specify"", ""make clear"", ""profess""}"
kleiner,smaller,"Missing[""NotAvailable""]"
ohren,ears,"Missing[""NotAvailable""]"
liegen,lie,"{""recline"", ""lie"", ""be located"", ""be situated""}"
sicherheit,safety,"Missing[""NotAvailable""]"
vorstellen,imagine,"{""advance"", ""bring forward"", ""conceive"", ""conceive of"", ""fancy"", ""fantasize"", ""imagine"", ""introduce"", ""picture"", ""present"", ""put forward"", ""see"", ""show"", ""think"", ""understand"", ""visualize""}"
strich,stroke,"Missing[""NotAvailable""]"
unterwegs,on road,"{""under way""}"
kleines,small,"Missing[""NotAvailable""]"
ernst,serious,"{""serious"", ""precarious"", ""distressing"", ""solemn"", ""grave"", ""acute"", ""critical"", ""deep"", ""earnest""}"
suchte,sought,"Missing[""NotAvailable""]"
sehe,see,"Missing[""NotAvailable""]"
soldaten,soldiers,"Missing[""NotAvailable""]"
dr.,dr.,"Missing[""NotAvailable""]"
statt,instead of,"{""instead of"", ""in place of""}"
arbeiten,work,"{""work"", ""labor""}"
opfer,Victim,"Missing[""NotAvailable""]"
versuchen,to attempt,"{""tempt"", ""attempt"", ""try"", ""seek"", ""endeavor""}"
gespräch,conversation,"Missing[""NotAvailable""]"
streckte,stretched,"Missing[""NotAvailable""]"
simon,Simon,"Missing[""NotAvailable""]"
leider,Unfortunately,"{""unfortunately"", ""unhappily"", ""regrettably"", ""regretfully""}"
erschien,appeared,"Missing[""NotAvailable""]"
begriff,term,"Missing[""NotAvailable""]"
rest,rest,"Missing[""NotAvailable""]"
stein,stone,"Missing[""NotAvailable""]"
hinzu,in addition,"Missing[""NotAvailable""]"
gefragt,asked,"Missing[""NotAvailable""]"
mac,mac,"Missing[""NotAvailable""]"
frei,free,"{""free"", ""leisured"", ""casual"", ""unobstructed"", ""unimpeded"", ""unhindered"", ""clear"", ""unrestricted"", ""vacant"", ""gratis"", ""gratuitous"", ""free of charge"", ""for nothing"", ""freely"", ""void of"", ""devoid"", ""destitute of"", ""without"", ""lacking""}"
schlecht,bad,"{""bad"", ""evil"", ""detrimental"", ""wrong"", ""ill"", ""damaging"", ""harming"", ""harmful"", ""deleterious"", ""injurious"", ""pernicious"", ""nauseous"", ""queasy"", ""sick"", ""sick to one's stomach"", ""badly"", ""poorly""}"
woher,from where,"{""where ... from"", ""from where""}"
freunde,friends,"Missing[""NotAvailable""]"
sahen,saw,"Missing[""NotAvailable""]"
mitten,in the middle,"Missing[""NotAvailable""]"
miene,expression,"Missing[""NotAvailable""]"
kirche,church,"Missing[""NotAvailable""]"
irgendetwas,anything,"Missing[""NotAvailable""]"
mußte,had to,"Missing[""NotAvailable""]"
ecke,corner,"Missing[""NotAvailable""]"
de,de,"Missing[""NotAvailable""]"
mich.,me.,"Missing[""NotAvailable""]"
jemanden,someone,"Missing[""NotAvailable""]"
mühe,effort,"Missing[""NotAvailable""]"
zweiten,second,"Missing[""NotAvailable""]"
beobachtete,watching,"Missing[""NotAvailable""]"
mach,mach,"Missing[""NotAvailable""]"
bert,bert,"Missing[""NotAvailable""]"
lagen,lay,"Missing[""NotAvailable""]"
ans,ans,"Missing[""NotAvailable""]"
dank,thanks,"{""thanks to"", ""because of""}"
freundin,girlfriend,"Missing[""NotAvailable""]"
voll,full,"{""unqualified"", ""full"", ""filled"", ""entire"", ""whole"", ""complete"", ""total"", ""integral""}"
mehrere,several,"{""different"", ""several"", ""a number of"", ""some""}"
mannes,man,"Missing[""NotAvailable""]"
luke,hatch,"Missing[""NotAvailable""]"
rasch,quickly,"{""ready"", ""prompt"", ""fast"", ""quick"", ""swiftly"", ""quickly"", ""apace"", ""soon""}"
zwanzig,twenty,"{""twenty""}"
peter,Peter,"Missing[""NotAvailable""]"
kalt,cold,"{""bleak"", ""raw"", ""cold"", ""indifferent"", ""unfeeling"", ""callous"", ""coldly""}"
überlegte,thought,"Missing[""NotAvailable""]"
raus,Out,"Missing[""NotAvailable""]"
knie,knee,"Missing[""NotAvailable""]"
lage,location,"Missing[""NotAvailable""]"
füße,feet,"Missing[""NotAvailable""]"
lehnte,rejected,"Missing[""NotAvailable""]"
gleichzeitig,simultaneously,"{""contemporaneous"", ""coexisting"", ""contemporary"", ""simultaneous"", ""all at once"", ""in one time"", ""in one go"", ""at the same time"", ""simultaneously""}"
robert,Robert,"Missing[""NotAvailable""]"
nächste,next,"{""nearest"", ""immediate"", ""proximate"", ""following"", ""next""}"
hund,dog,"Missing[""NotAvailable""]"
schweigen,silence,"{""remain silent"", ""keep quiet"", ""be silent"", ""be quiet""}"
dennoch,yet,"{""nevertheless"", ""nonetheless"", ""in spite of this"", ""in spite of that"", ""though"", ""still"", ""yet"", ""however"", ""despite"", ""notwithstanding"", ""in spite of"", ""regardless of"", ""albeit"", ""but""}"
ziehen,pull,"{""drag"", ""draw"", ""pull along"", ""tug"", ""pull"", ""trace"", ""puff"", ""puff away"", ""extract"", ""draw out"", ""pull out"", ""take out"", ""haul"", ""lug"", ""heave""}"
ben,ben,"Missing[""NotAvailable""]"
seiten,pages,"Missing[""NotAvailable""]"
handy,mobile phone,"Missing[""NotAvailable""]"
ständig,constantly,"{""continual"", ""uninterrupted"", ""incessant"", ""constant"", ""continuous"", ""nonstop"", ""regular"", ""steady"", ""standing"", ""permanent"", ""invariably"", ""habitually"", ""continuously"", ""ceaselessly"", ""incessantly"", ""relentlessly"", ""uninterruptedly"", ""always"", ""at all t"
setzen,put,"{""lay"", ""place"", ""plant"", ""position oneself"", ""put"", ""set"", ""sit down"", ""sit in""}"
sterben,to die,"{""pass away"", ""pass on"", ""die"", ""decease""}"
mag,like,"Missing[""NotAvailable""]"
aliena,aliena,"Missing[""NotAvailable""]"
fing,started,"Missing[""NotAvailable""]"
o,O,"Missing[""NotAvailable""]"
paul,paul,"Missing[""NotAvailable""]"
gruppe,group,"Missing[""NotAvailable""]"
gehörte,belonged,"Missing[""NotAvailable""]"
walter,walter,"Missing[""NotAvailable""]"
schlafen,sleep,"{""sleep""}"
stark,strongly,"{""strong"", ""athletic"", ""groovy"", ""heavy"", ""acute"", ""intense"", ""deep"", ""keen"", ""stiff"", ""robust"", ""stout"", ""sturdy"", ""solidly built""}"
dunklen,dark,"Missing[""NotAvailable""]"
entgegen,opposite,"Missing[""NotAvailable""]"
schwarze,black,"Missing[""NotAvailable""]"
toten,kill,"Missing[""NotAvailable""]"
lesen,read,"{""read"", ""sound""}"
deinem,your,"Missing[""NotAvailable""]"
packte,grabbed,"Missing[""NotAvailable""]"
casey,casey,"Missing[""NotAvailable""]"
spiel,game,"Missing[""NotAvailable""]"
früh,early,"{""early"", ""ahead of time""}"
ohr,ear,"Missing[""NotAvailable""]"
meinung,opinion,"Missing[""NotAvailable""]"
richtete,taught,"Missing[""NotAvailable""]"
sitzen,sit,"{""sit"", ""be sitting"", ""be seated"", ""sit in""}"
langdon,langdon,"Missing[""NotAvailable""]"
leo,leo,"Missing[""NotAvailable""]"
name,Surname,"Missing[""NotAvailable""]"
deutete,pointed,"Missing[""NotAvailable""]"
eigene,own,"Missing[""NotAvailable""]"
überrascht,surprised,"{""startled"", ""staggered"", ""astounded"", ""amazed"", ""dazed"", ""astonished"", ""dazzled"", ""dumbfounded"", ""dumfounded"", ""flabbergasted"", ""surprised""}"
parker,parker,"Missing[""NotAvailable""]"
hing,hung,"Missing[""NotAvailable""]"
wütend,angry,"{""fierce"", ""enraged"", ""furious"", ""infuriated"", ""mad"", ""livid"", ""incensed""}"
schreibtisch,writing desk,"Missing[""NotAvailable""]"
wenige,few,"Missing[""NotAvailable""]"
brach,broke,"{""fallow""}"
scheint,seems,"Missing[""NotAvailable""]"
deutlich,clear,"{""outright"", ""out-and-out"", ""absolute"", ""downright"", ""definite"", ""clear-cut"", ""precise"", ""well-defined"", ""explicit"", ""clear"", ""clean-cut"", ""perspicuous"", ""distinct"", ""sharply defined"", ""unmistakable"", ""evident"", ""apparent"", ""obvious"", ""plain"", ""clearly"", "
mr.,mr.,"Missing[""NotAvailable""]"
mitte,center,"Missing[""NotAvailable""]"
jericho,jericho,"Missing[""NotAvailable""]"
wut,fury,"Missing[""NotAvailable""]"
miteinander,together,"{""together"", ""with each other""}"
sekunden,seconds,"Missing[""NotAvailable""]"
meines,mine,"{""mine""}"
weiteren,more,"Missing[""NotAvailable""]"
hieß,was,"Missing[""NotAvailable""]"
unseren,our,"Missing[""NotAvailable""]"
rolle,role,"Missing[""NotAvailable""]"
verstehe,understand,"Missing[""NotAvailable""]"
still,quiet,"{""windless"", ""calm"", ""still"", ""quiet"", ""placid"", ""tranquil"", ""serene"", ""silent"", ""peaceful"", ""peaceable"", ""quietly"", ""silently"", ""noiselessly""}"
leiche,corpse,"Missing[""NotAvailable""]"
töten,kill,"{""kill"", ""murder"", ""assassinate""}"
längst,a long time ago,"{""a long time ago""}"
sage,legend,"Missing[""NotAvailable""]"
holen,pick up,"{""bring"", ""catch"", ""contract"", ""fetch"", ""get"", ""go get""}"
garten,garden,"Missing[""NotAvailable""]"
daher,therefore,"{""consequently"", ""hence"", ""thus"", ""as a result"", ""therefore"", ""so""}"
bewegte,moving,"Missing[""NotAvailable""]"
beispiel,example,"Missing[""NotAvailable""]"
entlang,along,"{""along""}"
getroffen,met,"{""distressed"", ""grieved"", ""aggrieved""}"
verließ,left,"Missing[""NotAvailable""]"
verstanden,Roger that,"Missing[""NotAvailable""]"
gehalten,held,"Missing[""NotAvailable""]"
grinste,grinned,"Missing[""NotAvailable""]"
spielen,play,"{""play"", ""act as"", ""play on"", ""act"", ""play the role of"", ""enact"", ""perform"", ""gamble"", ""execute""}"
dana,dana,"Missing[""NotAvailable""]"
pferd,horse,"Missing[""NotAvailable""]"
reihe,line,"Missing[""NotAvailable""]"
großer,greater,"Missing[""NotAvailable""]"
hoffnung,hope,"Missing[""NotAvailable""]"
gefahr,danger,"Missing[""NotAvailable""]"
laurel,laurel,"Missing[""NotAvailable""]"
denkt,thinks,"Missing[""NotAvailable""]"
foto,photo,"Missing[""NotAvailable""]"
nummer,number,"Missing[""NotAvailable""]"
traf,hit,"Missing[""NotAvailable""]"
verschwand,disappeared,"Missing[""NotAvailable""]"
unbedingt,absolutely,"{""unconditional"", ""unreserved"", ""complete"", ""needs"", ""absolutely"", ""certainly"", ""positively"", ""surely"", ""undeniably"", ""unquestionably"", ""without a doubt"", ""easily"", ""by all means""}"
vorher,before,"{""before"", ""previously"", ""prior to"", ""previous to""}"
zeigen,demonstrate,"{""display"", ""evince"", ""indicate"", ""make manifest"", ""manifest"", ""point to"", ""prove oneself"", ""read"", ""say"", ""show"", ""show oneself""}"
ließen,could,"Missing[""NotAvailable""]"
gedanke,thought,"Missing[""NotAvailable""]"
hinauf,up,"{""on it""}"
eindruck,impression,"Missing[""NotAvailable""]"
zweite,second,"{""second""}"
schaffen,create,"{""create"", ""originate"", ""initiate"", ""succeed in"", ""manage to"", ""contrive to"", ""manage"", ""pull off""}"
durfte,could,"Missing[""NotAvailable""]"
musterte,eyed,"Missing[""NotAvailable""]"
dunkel,dark,"{""dark"", ""dim"", ""obscure"", ""swarthy"", ""deep"", ""somber""}"
geschickt,cleverly,"{""clever"", ""smart"", ""bright"", ""keen"", ""sharp-witted"", ""brainy"", ""quick-witted"", ""accomplished"", ""subtle"", ""ingenious"", ""crafty"", ""able"", ""competent"", ""capable"", ""adroit"", ""skillful"", ""skilful"", ""dexterous"", ""dextrous"", ""handy"", ""deft"", ""ambidextrous"", ""ar"
erwartet,expected,"{""due"", ""expected""}"
wußte,knew,"Missing[""NotAvailable""]"
wichtig,important,"{""considerable"", ""substantial"", ""notable"", ""significant"", ""appreciable"", ""important"", ""material"", ""relevant"", ""big"", ""major"", ""leading"", ""principal""}"
schule,school,"Missing[""NotAvailable""]"
plan,plan,"Missing[""NotAvailable""]"
anfang,Beginning,"Missing[""NotAvailable""]"
erhob,he lifted,"Missing[""NotAvailable""]"
fügte,added,"Missing[""NotAvailable""]"
aryn,aryn,"Missing[""NotAvailable""]"
nahe,Near,"{""close"", ""near"", ""proximate""}"
max,Max,"Missing[""NotAvailable""]"
bedeutete,meant,"Missing[""NotAvailable""]"
geblieben,remained,"Missing[""NotAvailable""]"
schuld,fault,"Missing[""NotAvailable""]"
spielte,played,"Missing[""NotAvailable""]"
kurzen,short,"Missing[""NotAvailable""]"
fingern,fumble,"Missing[""NotAvailable""]"
las,read,"Missing[""NotAvailable""]"
hör,hear,"Missing[""NotAvailable""]"
männern,men,"Missing[""NotAvailable""]"
einzigen,single,"Missing[""NotAvailable""]"
richtige,right one,"Missing[""NotAvailable""]"
wald,Forest,"Missing[""NotAvailable""]"
anderer,another,"{""other""}"
gestalt,shape,"Missing[""NotAvailable""]"
ziel,aim,"Missing[""NotAvailable""]"
merle,merle,"Missing[""NotAvailable""]"
kenne,know,"Missing[""NotAvailable""]"
seid,are,"Missing[""NotAvailable""]"
suche,search,"Missing[""NotAvailable""]"
solchen,such a,"Missing[""NotAvailable""]"
grigori,grigori,"Missing[""NotAvailable""]"
fazio,fazio,"Missing[""NotAvailable""]"
bauch,belly,"Missing[""NotAvailable""]"
mack,mack,"Missing[""NotAvailable""]"
vito,vito,"Missing[""NotAvailable""]"
sanft,gently,"{""gentle"", ""soft"", ""mild"", ""softly"", ""mildly""}"
unmöglich,impossible,"{""impossible""}"
rein,purely,"{""clean"", ""pure"", ""sheer"", ""plain"", ""outright"", ""blatant"", ""downright"", ""utter"", ""out-and-out"", ""unadulterated"", ""unadulterate"", ""kosher"", ""unpolluted""}"
hexer,sorcerer,"Missing[""NotAvailable""]"
brauche,need,"Missing[""NotAvailable""]"
ritter,Knight,"Missing[""NotAvailable""]"
kerl,Guy,"Missing[""NotAvailable""]"
worten,answer,"Missing[""NotAvailable""]"
falken,hawks,"Missing[""NotAvailable""]"
rannte,ran,"Missing[""NotAvailable""]"
zunge,tongue,"Missing[""NotAvailable""]"
